{
    "vertices": [0.177825,0.00199,-9.23997,0.12672,0.125371,-9.23997,0.003336,0.176479,-9.23997,-0.120047,0.125371,-9.23997,-0.171152,0.00199,-9.23997,-0.120047,-0.121394,-9.23997,0.003336,-0.172499,-9.23997,0.12672,-0.121394,-9.23997,0.177824,0.00199,-4.59529,0.126719,0.125372,-4.59529,0.003335,0.176479,-4.59529,-0.120047,0.125372,-4.59529,-0.171153,0.00199,-4.59529,-0.120047,-0.121393,-4.59529,0.003335,-0.172499,-4.59529,0.126719,-0.121393,-4.59529,0.147178,0.001991,-3.62455,0.105047,0.103702,-3.62455,0.003335,0.145832,-3.62455,-0.098377,0.103702,-3.62455,-0.140508,0.001991,-3.62455,-0.098377,-0.099721,-3.62455,0.003335,-0.141853,-3.62455,0.105047,-0.099721,-3.62455,0.114533,0.001991,5.32756,0.081963,0.080622,5.32756,0.003333,0.113193,5.32756,-0.075299,0.080622,5.32756,-0.107868,0.001991,5.32756,-0.075299,-0.07664,5.32756,0.003333,-0.10921,5.32756,0.081963,-0.07664,5.32756,0.114532,0.001993,12.1256,0.081962,0.080623,12.1256,0.003332,0.113193,12.1256,-0.0753,0.080623,12.1256,-0.10787,0.001993,12.1256,-0.0753,-0.076639,12.1256,0.003332,-0.109209,12.1256,0.081962,-0.076639,12.1256],
    "normals": [0.77636,0,-0.630238,0.999847,0,0.015717,0.706992,-0.706992,0.015717,0.548967,-0.548967,-0.630238,0,-0.999847,0.015717,0,-0.77636,-0.630238,-0.706992,-0.706992,0.015717,-0.548967,-0.548967,-0.630238,-0.999847,0,0.015717,-0.77636,0,-0.630238,-0.706992,0.706992,0.015717,-0.548967,0.548967,-0.630238,0,0.999847,0.015717,0,0.77636,-0.630238,0.706992,0.706992,0.015717,0.548967,0.548967,-0.630238,0.999817,0,0.01764,0.706992,-0.706992,0.01764,0,-0.999817,0.01764,-0.706992,-0.706992,0.01764,-0.999817,0,0.01764,-0.706992,0.706992,0.01764,0,0.999817,0.01764,0.706992,0.706992,0.01764,0.999969,0,0.001801,0.707083,-0.707083,0.001801,0,-0.999969,0.001801,-0.707083,-0.707083,0.001801,-0.999969,0,0.001801,-0.707083,0.707083,0.001801,0,0.999969,0.001801,0.707083,0.707083,0.001801,0.77636,0,0.630238,0.548967,-0.548967,0.630238,0,-0.77636,0.630238,-0.548967,-0.548967,0.630238,-0.77636,0,0.630238,-0.548967,0.548967,0.630238,0,0.77636,0.630238,0.548967,0.548967,0.630238],
    "name": "CircleGeometry.4",
    "faces": [33,0,8,15,7,0,1,2,3,33,7,15,14,6,3,2,4,5,33,6,14,13,5,5,4,6,7,33,5,13,12,4,7,6,8,9,33,4,12,11,3,9,8,10,11,33,3,11,10,2,11,10,12,13,33,2,10,9,1,13,12,14,15,33,8,0,1,9,1,0,15,14,33,8,16,23,15,1,16,17,2,33,15,23,22,14,2,17,18,4,33,14,22,21,13,4,18,19,6,33,13,21,20,12,6,19,20,8,33,12,20,19,11,8,20,21,10,33,11,19,18,10,10,21,22,12,33,10,18,17,9,12,22,23,14,33,9,17,16,8,14,23,16,1,33,16,24,31,23,16,24,25,17,33,23,31,30,22,17,25,26,18,33,22,30,29,21,18,26,27,19,33,21,29,28,20,19,27,28,20,33,20,28,27,19,20,28,29,21,33,19,27,26,18,21,29,30,22,33,18,26,25,17,22,30,31,23,33,17,25,24,16,23,31,24,16,33,24,32,39,31,24,32,33,25,33,31,39,38,30,25,33,34,26,33,30,38,37,29,26,34,35,27,33,29,37,36,28,27,35,36,28,33,28,36,35,27,28,36,37,29,33,27,35,34,26,29,37,38,30,33,26,34,33,25,30,38,39,31,33,25,33,32,24,31,39,32,24,32,33,39,32,39,33,32,32,37,38,39,35,34,33,32,35,36,37,37,36,35,32,33,34,35,39,38,37,32,33,37,39,39,35,33,32,33,35,37,39,37,35,32,1,3,2,15,11,13,32,5,4,3,7,9,11,32,7,6,5,3,5,7,32,1,0,7,15,0,3,32,1,5,3,15,7,11,32,1,7,5,15,3,7],
    "metadata": {
        "vertices": 40,
        "normals": 40,
        "type": "Geometry",
        "version": 3,
        "faces": 44,
        "uvs": 0,
        "generator": "io_three"
    },
    "uvs": []
}